Timestamp,User Count,Type,Name,Requests/s,Failures/s,50%,66%,75%,80%,90%,95%,98%,99%,99.9%,99.99%,100%,Total Request Count,Total Failure Count,Total Median Response Time,Total Average Response Time,Total Min Response Time,Total Max Response Time,Total Average Content Size
1737928684,0,,Aggregated,0.000000,0.000000,N/A,N/A,N/A,N/A,N/A,N/A,N/A,N/A,N/A,N/A,N/A,0,0,0,0.0,0,0,0
1737928685,2,,Aggregated,0.000000,0.000000,N/A,N/A,N/A,N/A,N/A,N/A,N/A,N/A,N/A,N/A,N/A,0,0,0,0.0,0,0,0
1737928686,4,,Aggregated,0.000000,0.000000,N/A,N/A,N/A,N/A,N/A,N/A,N/A,N/A,N/A,N/A,N/A,0,0,0,0.0,0,0,0
1737928687,6,,Aggregated,0.000000,0.000000,N/A,N/A,N/A,N/A,N/A,N/A,N/A,N/A,N/A,N/A,N/A,0,0,0,0.0,0,0,0
1737928688,8,,Aggregated,0.000000,0.000000,N/A,N/A,N/A,N/A,N/A,N/A,N/A,N/A,N/A,N/A,N/A,0,0,0,0.0,0,0,0
1737928689,10,,Aggregated,0.000000,0.000000,N/A,N/A,N/A,N/A,N/A,N/A,N/A,N/A,N/A,N/A,N/A,0,0,0,0.0,0,0,0
1737928690,10,,Aggregated,0.000000,0.000000,N/A,N/A,N/A,N/A,N/A,N/A,N/A,N/A,N/A,N/A,N/A,0,0,0,0.0,0,0,0
1737928691,10,,Aggregated,0.000000,0.000000,N/A,N/A,N/A,N/A,N/A,N/A,N/A,N/A,N/A,N/A,N/A,0,0,0,0.0,0,0,0
1737928692,10,,Aggregated,0.000000,0.000000,N/A,N/A,N/A,N/A,N/A,N/A,N/A,N/A,N/A,N/A,N/A,0,0,0,0.0,0,0,0
1737928693,10,,Aggregated,0.000000,0.000000,N/A,N/A,N/A,N/A,N/A,N/A,N/A,N/A,N/A,N/A,N/A,0,0,0,0.0,0,0,0
1737928694,10,,Aggregated,0.000000,0.000000,N/A,N/A,N/A,N/A,N/A,N/A,N/A,N/A,N/A,N/A,N/A,0,0,0,0.0,0,0,0
1737928695,10,,Aggregated,0.000000,0.000000,N/A,N/A,N/A,N/A,N/A,N/A,N/A,N/A,N/A,N/A,N/A,0,0,0,0.0,0,0,0
1737928696,10,,Aggregated,0.000000,0.000000,N/A,N/A,N/A,N/A,N/A,N/A,N/A,N/A,N/A,N/A,N/A,0,0,0,0.0,0,0,0
1737928697,10,,Aggregated,0.000000,0.000000,N/A,N/A,N/A,N/A,N/A,N/A,N/A,N/A,N/A,N/A,N/A,0,0,0,0.0,0,0,0
1737928698,10,,Aggregated,0.000000,0.000000,14000,14000,14000,14000,14000,14000,14000,14000,14000,14000,14000,1,0,13922.456832951866,13922.456832951866,13922.456832951866,13922.456832951866,477.0
1737928699,10,,Aggregated,0.000000,0.000000,14000,14000,14000,14000,14000,14000,14000,14000,14000,14000,14000,1,0,13922.456832951866,13922.456832951866,13922.456832951866,13922.456832951866,477.0
1737928700,10,,Aggregated,0.000000,0.000000,14000,14000,14000,14000,14000,14000,14000,14000,14000,14000,14000,1,0,13922.456832951866,13922.456832951866,13922.456832951866,13922.456832951866,477.0
1737928701,10,,Aggregated,0.000000,0.000000,14000,14000,14000,14000,14000,14000,14000,14000,14000,14000,14000,1,0,13922.456832951866,13922.456832951866,13922.456832951866,13922.456832951866,477.0
1737928702,10,,Aggregated,0.000000,0.000000,14000,14000,14000,14000,14000,14000,14000,14000,14000,14000,14000,1,0,13922.456832951866,13922.456832951866,13922.456832951866,13922.456832951866,477.0
1737928703,10,,Aggregated,0.000000,0.000000,14000,14000,14000,14000,14000,14000,14000,14000,14000,14000,14000,1,0,13922.456832951866,13922.456832951866,13922.456832951866,13922.456832951866,477.0
1737928704,10,,Aggregated,0.000000,0.000000,14000,14000,14000,14000,14000,14000,14000,14000,14000,14000,14000,1,0,13922.456832951866,13922.456832951866,13922.456832951866,13922.456832951866,477.0
1737928705,10,,Aggregated,0.000000,0.000000,14000,14000,14000,14000,14000,14000,14000,14000,14000,14000,14000,1,0,13922.456832951866,13922.456832951866,13922.456832951866,13922.456832951866,477.0
1737928706,10,,Aggregated,0.000000,0.000000,14000,14000,14000,14000,14000,14000,14000,14000,14000,14000,14000,1,0,13922.456832951866,13922.456832951866,13922.456832951866,13922.456832951866,477.0
1737928707,10,,Aggregated,0.000000,0.000000,14000,14000,14000,14000,14000,14000,14000,14000,14000,14000,14000,1,0,13922.456832951866,13922.456832951866,13922.456832951866,13922.456832951866,477.0
1737928708,10,,Aggregated,0.000000,0.000000,14000,14000,14000,14000,14000,14000,14000,14000,14000,14000,14000,1,0,13922.456832951866,13922.456832951866,13922.456832951866,13922.456832951866,477.0
1737928709,10,,Aggregated,0.000000,0.000000,14000,14000,14000,14000,14000,14000,14000,14000,14000,14000,14000,1,0,13922.456832951866,13922.456832951866,13922.456832951866,13922.456832951866,477.0
1737928710,10,,Aggregated,0.000000,0.000000,14000,14000,14000,14000,14000,14000,14000,14000,14000,14000,14000,1,0,13922.456832951866,13922.456832951866,13922.456832951866,13922.456832951866,477.0
1737928711,10,,Aggregated,0.000000,0.000000,14000,14000,14000,14000,14000,14000,14000,14000,14000,14000,14000,1,0,13922.456832951866,13922.456832951866,13922.456832951866,13922.456832951866,477.0
1737928712,10,,Aggregated,0.000000,0.000000,27000,27000,27000,27000,27000,27000,27000,27000,27000,27000,27000,2,0,14000.0,20679.986437491607,13922.456832951866,27437.516042031348,477.0
1737928713,10,,Aggregated,0.000000,0.000000,27000,27000,27000,27000,27000,27000,27000,27000,27000,27000,27000,2,0,14000.0,20679.986437491607,13922.456832951866,27437.516042031348,477.0
1737928714,10,,Aggregated,0.000000,0.000000,27000,27000,27000,27000,27000,27000,27000,27000,27000,27000,27000,2,0,14000.0,20679.986437491607,13922.456832951866,27437.516042031348,477.0
1737928715,10,,Aggregated,0.000000,0.000000,27000,27000,27000,27000,27000,27000,27000,27000,27000,27000,27000,2,0,14000.0,20679.986437491607,13922.456832951866,27437.516042031348,477.0
1737928716,10,,Aggregated,0.000000,0.000000,27000,27000,27000,27000,27000,27000,27000,27000,27000,27000,27000,2,0,14000.0,20679.986437491607,13922.456832951866,27437.516042031348,477.0
1737928717,10,,Aggregated,0.000000,0.000000,27000,27000,27000,27000,27000,27000,27000,27000,27000,27000,27000,2,0,14000.0,20679.986437491607,13922.456832951866,27437.516042031348,477.0
1737928718,10,,Aggregated,0.000000,0.000000,27000,27000,27000,27000,27000,27000,27000,27000,27000,27000,27000,2,0,14000.0,20679.986437491607,13922.456832951866,27437.516042031348,477.0
1737928719,10,,Aggregated,0.000000,0.000000,27000,27000,27000,27000,27000,27000,27000,27000,27000,27000,27000,2,0,14000.0,20679.986437491607,13922.456832951866,27437.516042031348,477.0
1737928720,10,,Aggregated,0.000000,0.000000,27000,27000,27000,27000,27000,27000,27000,27000,27000,27000,27000,2,0,14000.0,20679.986437491607,13922.456832951866,27437.516042031348,477.0
1737928721,10,,Aggregated,0.000000,0.000000,27000,27000,27000,27000,27000,27000,27000,27000,27000,27000,27000,2,0,14000.0,20679.986437491607,13922.456832951866,27437.516042031348,477.0
1737928722,10,,Aggregated,0.000000,0.000000,27000,27000,27000,27000,27000,27000,27000,27000,27000,27000,27000,2,0,14000.0,20679.986437491607,13922.456832951866,27437.516042031348,477.0
1737928723,10,,Aggregated,0.000000,0.000000,27000,27000,27000,27000,27000,27000,27000,27000,27000,27000,27000,2,0,14000.0,20679.986437491607,13922.456832951866,27437.516042031348,477.0
1737928724,10,,Aggregated,0.100000,0.000000,27000,27000,39000,39000,39000,39000,39000,39000,39000,39000,39000,3,0,27000.0,26795.37972198644,13922.456832951866,39026.16629097611,477.0
1737928725,10,,Aggregated,0.100000,0.000000,27000,27000,39000,39000,39000,39000,39000,39000,39000,39000,39000,3,0,27000.0,26795.37972198644,13922.456832951866,39026.16629097611,477.0
1737928726,10,,Aggregated,0.100000,0.000000,27000,27000,39000,39000,39000,39000,39000,39000,39000,39000,39000,3,0,27000.0,26795.37972198644,13922.456832951866,39026.16629097611,477.0
1737928727,10,,Aggregated,0.100000,0.000000,27000,27000,39000,39000,39000,39000,39000,39000,39000,39000,39000,3,0,27000.0,26795.37972198644,13922.456832951866,39026.16629097611,477.0
1737928728,10,,Aggregated,0.100000,0.000000,27000,27000,39000,39000,39000,39000,39000,39000,39000,39000,39000,3,0,27000.0,26795.37972198644,13922.456832951866,39026.16629097611,477.0
1737928729,10,,Aggregated,0.100000,0.000000,27000,27000,39000,39000,39000,39000,39000,39000,39000,39000,39000,3,0,27000.0,26795.37972198644,13922.456832951866,39026.16629097611,477.0
1737928730,10,,Aggregated,0.100000,0.000000,27000,27000,39000,39000,39000,39000,39000,39000,39000,39000,39000,3,0,27000.0,26795.37972198644,13922.456832951866,39026.16629097611,477.0
1737928731,10,,Aggregated,0.100000,0.000000,27000,27000,39000,39000,39000,39000,39000,39000,39000,39000,39000,3,0,27000.0,26795.37972198644,13922.456832951866,39026.16629097611,477.0
1737928732,10,,Aggregated,0.100000,0.000000,27000,27000,39000,39000,39000,39000,39000,39000,39000,39000,39000,3,0,27000.0,26795.37972198644,13922.456832951866,39026.16629097611,477.0
1737928733,10,,Aggregated,0.100000,0.000000,27000,27000,39000,39000,39000,39000,39000,39000,39000,39000,39000,3,0,27000.0,26795.37972198644,13922.456832951866,39026.16629097611,477.0
1737928734,10,,Aggregated,0.100000,0.000000,27000,27000,39000,39000,39000,39000,39000,39000,39000,39000,39000,3,0,27000.0,26795.37972198644,13922.456832951866,39026.16629097611,477.0
1737928735,10,,Aggregated,0.100000,0.000000,27000,27000,39000,39000,39000,39000,39000,39000,39000,39000,39000,3,0,27000.0,26795.37972198644,13922.456832951866,39026.16629097611,477.0
1737928736,10,,Aggregated,0.100000,0.000000,27000,27000,39000,39000,39000,39000,39000,39000,39000,39000,39000,3,0,27000.0,26795.37972198644,13922.456832951866,39026.16629097611,477.0
1737928737,10,,Aggregated,0.100000,0.000000,27000,27000,39000,39000,39000,39000,39000,39000,39000,39000,39000,3,0,27000.0,26795.37972198644,13922.456832951866,39026.16629097611,477.0
1737928738,10,,Aggregated,0.100000,0.000000,27000,27000,39000,39000,39000,39000,39000,39000,39000,39000,39000,3,0,27000.0,26795.37972198644,13922.456832951866,39026.16629097611,477.0
1737928739,10,,Aggregated,0.000000,0.000000,39000,39000,53000,53000,53000,53000,53000,53000,53000,53000,53000,4,0,27000.0,33462.724479002645,13922.456832951866,53464.75875005126,477.0
1737928740,10,,Aggregated,0.000000,0.000000,39000,39000,53000,53000,53000,53000,53000,53000,53000,53000,53000,4,0,27000.0,33462.724479002645,13922.456832951866,53464.75875005126,477.0
1737928741,10,,Aggregated,0.000000,0.000000,39000,39000,53000,53000,53000,53000,53000,53000,53000,53000,53000,4,0,27000.0,33462.724479002645,13922.456832951866,53464.75875005126,477.0
1737928742,10,,Aggregated,0.000000,0.000000,39000,39000,53000,53000,53000,53000,53000,53000,53000,53000,53000,4,0,27000.0,33462.724479002645,13922.456832951866,53464.75875005126,477.0
1737928743,10,,Aggregated,0.000000,0.000000,39000,39000,53000,53000,53000,53000,53000,53000,53000,53000,53000,4,0,27000.0,33462.724479002645,13922.456832951866,53464.75875005126,477.0
1737928744,10,,Aggregated,0.000000,0.000000,39000,39000,53000,53000,53000,53000,53000,53000,53000,53000,53000,4,0,27000.0,33462.724479002645,13922.456832951866,53464.75875005126,477.0
1737928745,10,,Aggregated,0.000000,0.000000,39000,39000,53000,53000,53000,53000,53000,53000,53000,53000,53000,4,0,27000.0,33462.724479002645,13922.456832951866,53464.75875005126,477.0
1737928746,10,,Aggregated,0.000000,0.000000,39000,39000,53000,53000,53000,53000,53000,53000,53000,53000,53000,4,0,27000.0,33462.724479002645,13922.456832951866,53464.75875005126,477.0
1737928747,10,,Aggregated,0.000000,0.000000,39000,39000,53000,53000,53000,53000,53000,53000,53000,53000,53000,4,0,27000.0,33462.724479002645,13922.456832951866,53464.75875005126,477.0
1737928748,10,,Aggregated,0.000000,0.000000,39000,39000,53000,53000,53000,53000,53000,53000,53000,53000,53000,4,0,27000.0,33462.724479002645,13922.456832951866,53464.75875005126,477.0
1737928749,10,,Aggregated,0.000000,0.000000,39000,39000,53000,53000,53000,53000,53000,53000,53000,53000,53000,4,0,27000.0,33462.724479002645,13922.456832951866,53464.75875005126,477.0
1737928750,10,,Aggregated,0.000000,0.000000,39000,39000,53000,53000,53000,53000,53000,53000,53000,53000,53000,4,0,27000.0,33462.724479002645,13922.456832951866,53464.75875005126,477.0
1737928751,10,,Aggregated,0.000000,0.000000,39000,39000,53000,53000,53000,53000,53000,53000,53000,53000,53000,4,0,27000.0,33462.724479002645,13922.456832951866,53464.75875005126,477.0
1737928752,10,,Aggregated,0.000000,0.000000,39000,53000,53000,66000,66000,66000,66000,66000,66000,66000,66000,5,0,39000.0,39940.88349160738,13922.456832951866,65853.51954202633,477.0
1737928753,10,,Aggregated,0.000000,0.000000,39000,53000,53000,66000,66000,66000,66000,66000,66000,66000,66000,5,0,39000.0,39940.88349160738,13922.456832951866,65853.51954202633,477.0
1737928754,10,,Aggregated,0.000000,0.000000,39000,53000,53000,66000,66000,66000,66000,66000,66000,66000,66000,5,0,39000.0,39940.88349160738,13922.456832951866,65853.51954202633,477.0
1737928755,10,,Aggregated,0.000000,0.000000,39000,53000,53000,66000,66000,66000,66000,66000,66000,66000,66000,5,0,39000.0,39940.88349160738,13922.456832951866,65853.51954202633,477.0
1737928756,10,,Aggregated,0.000000,0.000000,39000,53000,53000,66000,66000,66000,66000,66000,66000,66000,66000,5,0,39000.0,39940.88349160738,13922.456832951866,65853.51954202633,477.0
1737928757,10,,Aggregated,0.000000,0.000000,39000,53000,53000,66000,66000,66000,66000,66000,66000,66000,66000,5,0,39000.0,39940.88349160738,13922.456832951866,65853.51954202633,477.0
1737928758,10,,Aggregated,0.000000,0.000000,39000,53000,53000,66000,66000,66000,66000,66000,66000,66000,66000,5,0,39000.0,39940.88349160738,13922.456832951866,65853.51954202633,477.0
1737928759,10,,Aggregated,0.000000,0.000000,39000,53000,53000,66000,66000,66000,66000,66000,66000,66000,66000,5,0,39000.0,39940.88349160738,13922.456832951866,65853.51954202633,477.0
1737928760,10,,Aggregated,0.000000,0.000000,39000,53000,53000,66000,66000,66000,66000,66000,66000,66000,66000,5,0,39000.0,39940.88349160738,13922.456832951866,65853.51954202633,477.0
1737928761,10,,Aggregated,0.000000,0.000000,39000,53000,53000,66000,66000,66000,66000,66000,66000,66000,66000,5,0,39000.0,39940.88349160738,13922.456832951866,65853.51954202633,477.0
1737928762,10,,Aggregated,0.000000,0.000000,39000,53000,53000,66000,66000,66000,66000,66000,66000,66000,66000,5,0,39000.0,39940.88349160738,13922.456832951866,65853.51954202633,477.0
1737928763,10,,Aggregated,0.000000,0.000000,39000,53000,53000,66000,66000,66000,66000,66000,66000,66000,66000,5,0,39000.0,39940.88349160738,13922.456832951866,65853.51954202633,477.0
1737928764,10,,Aggregated,0.000000,0.000000,39000,53000,53000,66000,66000,66000,66000,66000,66000,66000,66000,5,0,39000.0,39940.88349160738,13922.456832951866,65853.51954202633,477.0
1737928765,10,,Aggregated,0.000000,0.000000,39000,53000,53000,66000,66000,66000,66000,66000,66000,66000,66000,5,0,39000.0,39940.88349160738,13922.456832951866,65853.51954202633,477.0
1737928766,10,,Aggregated,0.000000,0.000000,39000,53000,53000,66000,66000,66000,66000,66000,66000,66000,66000,5,0,39000.0,39940.88349160738,13922.456832951866,65853.51954202633,477.0
1737928767,10,,Aggregated,0.000000,0.000000,39000,53000,53000,66000,66000,66000,66000,66000,66000,66000,66000,5,0,39000.0,39940.88349160738,13922.456832951866,65853.51954202633,477.0
1737928768,10,,Aggregated,0.000000,0.000000,39000,53000,53000,66000,66000,66000,66000,66000,66000,66000,66000,5,0,39000.0,39940.88349160738,13922.456832951866,65853.51954202633,477.0
1737928769,10,,Aggregated,0.000000,0.000000,53000,53000,66000,66000,83000,83000,83000,83000,83000,83000,83000,6,0,39000.0,47164.97670833875,13922.456832951866,83285.44279199559,477.0
1737928770,10,,Aggregated,0.000000,0.000000,53000,53000,66000,66000,83000,83000,83000,83000,83000,83000,83000,6,0,39000.0,47164.97670833875,13922.456832951866,83285.44279199559,477.0
1737928771,10,,Aggregated,0.000000,0.000000,53000,53000,66000,66000,83000,83000,83000,83000,83000,83000,83000,6,0,39000.0,47164.97670833875,13922.456832951866,83285.44279199559,477.0
1737928772,10,,Aggregated,0.000000,0.000000,53000,53000,66000,66000,83000,83000,83000,83000,83000,83000,83000,6,0,39000.0,47164.97670833875,13922.456832951866,83285.44279199559,477.0
1737928773,10,,Aggregated,0.000000,0.000000,53000,53000,66000,66000,83000,83000,83000,83000,83000,83000,83000,6,0,39000.0,47164.97670833875,13922.456832951866,83285.44279199559,477.0
1737928774,10,,Aggregated,0.000000,0.000000,53000,53000,66000,66000,83000,83000,83000,83000,83000,83000,83000,6,0,39000.0,47164.97670833875,13922.456832951866,83285.44279199559,477.0
1737928775,10,,Aggregated,0.000000,0.000000,53000,53000,66000,66000,83000,83000,83000,83000,83000,83000,83000,6,0,39000.0,47164.97670833875,13922.456832951866,83285.44279199559,477.0
1737928776,10,,Aggregated,0.000000,0.000000,53000,53000,66000,66000,83000,83000,83000,83000,83000,83000,83000,6,0,39000.0,47164.97670833875,13922.456832951866,83285.44279199559,477.0
1737928777,10,,Aggregated,0.000000,0.000000,53000,53000,66000,66000,83000,83000,83000,83000,83000,83000,83000,6,0,39000.0,47164.97670833875,13922.456832951866,83285.44279199559,477.0
1737928778,10,,Aggregated,0.000000,0.000000,53000,53000,66000,66000,83000,83000,83000,83000,83000,83000,83000,6,0,39000.0,47164.97670833875,13922.456832951866,83285.44279199559,477.0
1737928779,10,,Aggregated,0.000000,0.000000,53000,53000,66000,66000,83000,83000,83000,83000,83000,83000,83000,6,0,39000.0,47164.97670833875,13922.456832951866,83285.44279199559,477.0
1737928780,10,,Aggregated,0.000000,0.000000,53000,53000,66000,66000,83000,83000,83000,83000,83000,83000,83000,6,0,39000.0,47164.97670833875,13922.456832951866,83285.44279199559,477.0
1737928781,10,,Aggregated,0.000000,0.000000,53000,53000,66000,66000,83000,83000,83000,83000,83000,83000,83000,6,0,39000.0,47164.97670833875,13922.456832951866,83285.44279199559,477.0
1737928782,10,,Aggregated,0.000000,0.000000,53000,53000,66000,66000,83000,83000,83000,83000,83000,83000,83000,6,0,39000.0,47164.97670833875,13922.456832951866,83285.44279199559,477.0
1737928783,10,,Aggregated,0.000000,0.000000,53000,66000,83000,83000,96000,96000,96000,96000,96000,96000,96000,7,0,53000.0,54127.42329172657,13922.456832951866,95902.10279205348,477.0
1737928784,10,,Aggregated,0.000000,0.000000,53000,66000,83000,83000,96000,96000,96000,96000,96000,96000,96000,7,0,53000.0,54127.42329172657,13922.456832951866,95902.10279205348,477.0
1737928786,10,,Aggregated,0.000000,0.000000,53000,66000,83000,83000,96000,96000,96000,96000,96000,96000,96000,7,0,53000.0,54127.42329172657,13922.456832951866,95902.10279205348,477.0
1737928787,10,,Aggregated,0.000000,0.000000,53000,66000,83000,83000,96000,96000,96000,96000,96000,96000,96000,7,0,53000.0,54127.42329172657,13922.456832951866,95902.10279205348,477.0
1737928788,10,,Aggregated,0.000000,0.000000,53000,66000,83000,83000,96000,96000,96000,96000,96000,96000,96000,7,0,53000.0,54127.42329172657,13922.456832951866,95902.10279205348,477.0
1737928789,10,,Aggregated,0.000000,0.000000,53000,66000,83000,83000,96000,96000,96000,96000,96000,96000,96000,7,0,53000.0,54127.42329172657,13922.456832951866,95902.10279205348,477.0
1737928790,10,,Aggregated,0.000000,0.000000,53000,66000,83000,83000,96000,96000,96000,96000,96000,96000,96000,7,0,53000.0,54127.42329172657,13922.456832951866,95902.10279205348,477.0
1737928791,10,,Aggregated,0.000000,0.000000,53000,66000,83000,83000,96000,96000,96000,96000,96000,96000,96000,7,0,53000.0,54127.42329172657,13922.456832951866,95902.10279205348,477.0
1737928792,10,,Aggregated,0.000000,0.000000,53000,66000,83000,83000,96000,96000,96000,96000,96000,96000,96000,7,0,53000.0,54127.42329172657,13922.456832951866,95902.10279205348,477.0
1737928793,10,,Aggregated,0.000000,0.000000,53000,66000,83000,83000,96000,96000,96000,96000,96000,96000,96000,7,0,53000.0,54127.42329172657,13922.456832951866,95902.10279205348,477.0
1737928794,10,,Aggregated,0.000000,0.000000,53000,66000,83000,83000,96000,96000,96000,96000,96000,96000,96000,7,0,53000.0,54127.42329172657,13922.456832951866,95902.10279205348,477.0
1737928795,10,,Aggregated,0.000000,0.000000,53000,66000,83000,83000,96000,96000,96000,96000,96000,96000,96000,7,0,53000.0,54127.42329172657,13922.456832951866,95902.10279205348,477.0
1737928796,10,,Aggregated,0.000000,0.000000,53000,66000,83000,83000,96000,96000,96000,96000,96000,96000,96000,7,0,53000.0,54127.42329172657,13922.456832951866,95902.10279205348,477.0
1737928797,10,,Aggregated,0.000000,0.000000,53000,66000,83000,83000,96000,96000,96000,96000,96000,96000,96000,7,0,53000.0,54127.42329172657,13922.456832951866,95902.10279205348,477.0
1737928798,10,,Aggregated,0.000000,0.000000,53000,66000,83000,83000,96000,96000,96000,96000,96000,96000,96000,7,0,53000.0,54127.42329172657,13922.456832951866,95902.10279205348,477.0
1737928799,10,,Aggregated,0.000000,0.000000,66000,83000,96000,96000,111000,111000,111000,111000,111000,111000,111000,8,0,53000.0,61192.93529163406,13922.456832951866,110651.51929098647,477.0
1737928800,10,,Aggregated,0.000000,0.000000,66000,83000,96000,96000,111000,111000,111000,111000,111000,111000,111000,8,0,53000.0,61192.93529163406,13922.456832951866,110651.51929098647,477.0
1737928801,10,,Aggregated,0.000000,0.000000,66000,83000,96000,96000,111000,111000,111000,111000,111000,111000,111000,8,0,53000.0,61192.93529163406,13922.456832951866,110651.51929098647,477.0
1737928802,10,,Aggregated,0.000000,0.000000,66000,83000,96000,96000,111000,111000,111000,111000,111000,111000,111000,8,0,53000.0,61192.93529163406,13922.456832951866,110651.51929098647,477.0
1737928803,10,,Aggregated,0.000000,0.000000,66000,83000,96000,96000,111000,111000,111000,111000,111000,111000,111000,8,0,53000.0,61192.93529163406,13922.456832951866,110651.51929098647,477.0
1737928804,10,,Aggregated,0.000000,0.000000,66000,83000,96000,96000,111000,111000,111000,111000,111000,111000,111000,8,0,53000.0,61192.93529163406,13922.456832951866,110651.51929098647,477.0
1737928805,10,,Aggregated,0.000000,0.000000,66000,83000,96000,96000,111000,111000,111000,111000,111000,111000,111000,8,0,53000.0,61192.93529163406,13922.456832951866,110651.51929098647,477.0
1737928806,10,,Aggregated,0.000000,0.000000,66000,83000,96000,96000,111000,111000,111000,111000,111000,111000,111000,8,0,53000.0,61192.93529163406,13922.456832951866,110651.51929098647,477.0
1737928807,10,,Aggregated,0.000000,0.000000,66000,83000,96000,96000,111000,111000,111000,111000,111000,111000,111000,8,0,53000.0,61192.93529163406,13922.456832951866,110651.51929098647,477.0
1737928808,10,,Aggregated,0.000000,0.000000,66000,83000,96000,96000,111000,111000,111000,111000,111000,111000,111000,8,0,53000.0,61192.93529163406,13922.456832951866,110651.51929098647,477.0
1737928809,10,,Aggregated,0.000000,0.000000,66000,83000,96000,96000,111000,111000,111000,111000,111000,111000,111000,8,0,53000.0,61192.93529163406,13922.456832951866,110651.51929098647,477.0
1737928810,10,,Aggregated,0.000000,0.000000,66000,83000,96000,96000,111000,111000,111000,111000,111000,111000,111000,8,0,53000.0,61192.93529163406,13922.456832951866,110651.51929098647,477.0
1737928811,10,,Aggregated,0.000000,0.000000,66000,83000,96000,96000,111000,111000,111000,111000,111000,111000,111000,8,0,53000.0,61192.93529163406,13922.456832951866,110651.51929098647,477.0
1737928812,10,,Aggregated,0.000000,0.000000,66000,83000,96000,96000,111000,111000,111000,111000,111000,111000,111000,8,0,53000.0,61192.93529163406,13922.456832951866,110651.51929098647,477.0
1737928813,10,,Aggregated,0.000000,0.000000,66000,83000,96000,96000,111000,111000,111000,111000,111000,111000,111000,8,0,53000.0,61192.93529163406,13922.456832951866,110651.51929098647,477.0
1737928814,10,,Aggregated,0.000000,0.000000,66000,83000,96000,96000,111000,111000,111000,111000,111000,111000,111000,8,0,53000.0,61192.93529163406,13922.456832951866,110651.51929098647,477.0
1737928815,10,,Aggregated,0.000000,0.000000,66000,83000,96000,111000,126000,126000,126000,126000,126000,126000,126000,9,0,66000.0,68408.52060178036,13922.456832951866,126133.20308295079,477.0
1737928816,10,,Aggregated,0.000000,0.000000,66000,83000,96000,111000,126000,126000,126000,126000,126000,126000,126000,9,0,66000.0,68408.52060178036,13922.456832951866,126133.20308295079,477.0
1737928817,10,,Aggregated,0.000000,0.000000,66000,83000,96000,111000,126000,126000,126000,126000,126000,126000,126000,9,0,66000.0,68408.52060178036,13922.456832951866,126133.20308295079,477.0
1737928818,10,,Aggregated,0.000000,0.000000,66000,83000,96000,111000,126000,126000,126000,126000,126000,126000,126000,9,0,66000.0,68408.52060178036,13922.456832951866,126133.20308295079,477.0
1737928819,10,,Aggregated,0.000000,0.000000,66000,83000,96000,111000,126000,126000,126000,126000,126000,126000,126000,9,0,66000.0,68408.52060178036,13922.456832951866,126133.20308295079,477.0
1737928820,10,,Aggregated,0.000000,0.000000,66000,83000,96000,111000,126000,126000,126000,126000,126000,126000,126000,9,0,66000.0,68408.52060178036,13922.456832951866,126133.20308295079,477.0
1737928821,10,,Aggregated,0.000000,0.000000,66000,83000,96000,111000,126000,126000,126000,126000,126000,126000,126000,9,0,66000.0,68408.52060178036,13922.456832951866,126133.20308295079,477.0
1737928822,10,,Aggregated,0.000000,0.000000,66000,83000,96000,111000,126000,126000,126000,126000,126000,126000,126000,9,0,66000.0,68408.52060178036,13922.456832951866,126133.20308295079,477.0
1737928823,10,,Aggregated,0.000000,0.000000,66000,83000,96000,111000,126000,126000,126000,126000,126000,126000,126000,9,0,66000.0,68408.52060178036,13922.456832951866,126133.20308295079,477.0
1737928824,10,,Aggregated,0.000000,0.000000,66000,83000,96000,111000,126000,126000,126000,126000,126000,126000,126000,9,0,66000.0,68408.52060178036,13922.456832951866,126133.20308295079,477.0
1737928825,10,,Aggregated,0.000000,0.000000,66000,83000,96000,111000,126000,126000,126000,126000,126000,126000,126000,9,0,66000.0,68408.52060178036,13922.456832951866,126133.20308295079,477.0
1737928826,10,,Aggregated,0.000000,0.000000,66000,83000,96000,111000,126000,126000,126000,126000,126000,126000,126000,9,0,66000.0,68408.52060178036,13922.456832951866,126133.20308295079,477.0
1737928827,10,,Aggregated,0.000000,0.000000,66000,83000,96000,111000,126000,126000,126000,126000,126000,126000,126000,9,0,66000.0,68408.52060178036,13922.456832951866,126133.20308295079,477.0
1737928828,10,,Aggregated,0.000000,0.000000,66000,83000,96000,111000,126000,126000,126000,126000,126000,126000,126000,9,0,66000.0,68408.52060178036,13922.456832951866,126133.20308295079,477.0
1737928829,10,,Aggregated,0.000000,0.000000,83000,96000,111000,126000,140000,140000,140000,140000,140000,140000,140000,10,0,66000.0,75563.31399570918,13922.456832951866,139956.45454106852,477.0
1737928830,10,,Aggregated,0.000000,0.000000,83000,96000,111000,126000,140000,140000,140000,140000,140000,140000,140000,10,0,66000.0,75563.31399570918,13922.456832951866,139956.45454106852,477.0
1737928831,10,,Aggregated,0.000000,0.000000,83000,96000,111000,126000,140000,140000,140000,140000,140000,140000,140000,10,0,66000.0,75563.31399570918,13922.456832951866,139956.45454106852,477.0
1737928832,10,,Aggregated,0.000000,0.000000,83000,96000,111000,126000,140000,140000,140000,140000,140000,140000,140000,10,0,66000.0,75563.31399570918,13922.456832951866,139956.45454106852,477.0
1737928833,10,,Aggregated,0.000000,0.000000,83000,96000,111000,126000,140000,140000,140000,140000,140000,140000,140000,10,0,66000.0,75563.31399570918,13922.456832951866,139956.45454106852,477.0
1737928834,10,,Aggregated,0.000000,0.000000,83000,96000,111000,126000,140000,140000,140000,140000,140000,140000,140000,10,0,66000.0,75563.31399570918,13922.456832951866,139956.45454106852,477.0
1737928835,10,,Aggregated,0.000000,0.000000,83000,96000,111000,126000,140000,140000,140000,140000,140000,140000,140000,10,0,66000.0,75563.31399570918,13922.456832951866,139956.45454106852,477.0
1737928836,10,,Aggregated,0.000000,0.000000,83000,96000,111000,126000,140000,140000,140000,140000,140000,140000,140000,10,0,66000.0,75563.31399570918,13922.456832951866,139956.45454106852,477.0
1737928837,10,,Aggregated,0.000000,0.000000,83000,96000,111000,126000,140000,140000,140000,140000,140000,140000,140000,10,0,66000.0,75563.31399570918,13922.456832951866,139956.45454106852,477.0
1737928838,10,,Aggregated,0.000000,0.000000,83000,96000,111000,126000,140000,140000,140000,140000,140000,140000,140000,10,0,66000.0,75563.31399570918,13922.456832951866,139956.45454106852,477.0
1737928839,10,,Aggregated,0.000000,0.000000,83000,96000,111000,126000,140000,140000,140000,140000,140000,140000,140000,10,0,66000.0,75563.31399570918,13922.456832951866,139956.45454106852,477.0
1737928840,10,,Aggregated,0.000000,0.000000,83000,96000,111000,126000,140000,140000,140000,140000,140000,140000,140000,10,0,66000.0,75563.31399570918,13922.456832951866,139956.45454106852,477.0
1737928841,10,,Aggregated,0.000000,0.000000,83000,96000,111000,126000,140000,140000,140000,140000,140000,140000,140000,10,0,66000.0,75563.31399570918,13922.456832951866,139956.45454106852,477.0
1737928842,10,,Aggregated,0.000000,0.000000,66000,96000,111000,111000,126000,140000,140000,140000,140000,140000,140000,11,0,66000.0,69884.93476509624,13101.142458966933,139956.45454106852,477.0
1737928843,10,,Aggregated,0.000000,0.000000,83000,96000,126000,126000,140000,144000,144000,144000,144000,144000,144000,12,0,66000.0,76049.46859717408,13101.142458966933,143859.34075003024,477.0
1737928844,10,,Aggregated,0.000000,0.000000,83000,96000,126000,126000,140000,144000,144000,144000,144000,144000,144000,12,0,66000.0,76049.46859717408,13101.142458966933,143859.34075003024,477.0
1737928845,10,,Aggregated,0.000000,0.000000,83000,96000,126000,126000,140000,144000,144000,144000,144000,144000,144000,12,0,66000.0,76049.46859717408,13101.142458966933,143859.34075003024,477.0
1737928846,10,,Aggregated,0.000000,0.000000,83000,96000,126000,126000,140000,144000,144000,144000,144000,144000,144000,12,0,66000.0,76049.46859717408,13101.142458966933,143859.34075003024,477.0
1737928847,10,,Aggregated,0.000000,0.000000,83000,96000,126000,126000,140000,144000,144000,144000,144000,144000,144000,12,0,66000.0,76049.46859717408,13101.142458966933,143859.34075003024,477.0
1737928848,10,,Aggregated,0.000000,0.000000,83000,96000,126000,126000,140000,144000,144000,144000,144000,144000,144000,12,0,66000.0,76049.46859717408,13101.142458966933,143859.34075003024,477.0
1737928849,10,,Aggregated,0.000000,0.000000,83000,96000,126000,126000,140000,144000,144000,144000,144000,144000,144000,12,0,66000.0,76049.46859717408,13101.142458966933,143859.34075003024,477.0
1737928850,10,,Aggregated,0.000000,0.000000,83000,96000,126000,126000,140000,144000,144000,144000,144000,144000,144000,12,0,66000.0,76049.46859717408,13101.142458966933,143859.34075003024,477.0
1737928851,10,,Aggregated,0.000000,0.000000,83000,96000,126000,126000,140000,144000,144000,144000,144000,144000,144000,12,0,66000.0,76049.46859717408,13101.142458966933,143859.34075003024,477.0
1737928852,10,,Aggregated,0.000000,0.000000,83000,96000,126000,126000,140000,144000,144000,144000,144000,144000,144000,12,0,66000.0,76049.46859717408,13101.142458966933,143859.34075003024,477.0
1737928853,10,,Aggregated,0.000000,0.000000,83000,96000,126000,126000,140000,144000,144000,144000,144000,144000,144000,12,0,66000.0,76049.46859717408,13101.142458966933,143859.34075003024,477.0
1737928854,10,,Aggregated,0.000000,0.000000,83000,96000,126000,126000,140000,144000,144000,144000,144000,144000,144000,12,0,66000.0,76049.46859717408,13101.142458966933,143859.34075003024,477.0
1737928855,10,,Aggregated,0.000000,0.000000,83000,96000,126000,126000,140000,144000,144000,144000,144000,144000,144000,12,0,66000.0,76049.46859717408,13101.142458966933,143859.34075003024,477.0
1737928856,10,,Aggregated,0.000000,0.000000,83000,111000,126000,140000,143000,144000,144000,144000,144000,144000,144000,14,0,66000.0,76397.58774994074,13101.142458966933,143859.34075003024,477.0
1737928857,10,,Aggregated,0.000000,0.000000,83000,111000,126000,140000,143000,144000,144000,144000,144000,144000,144000,14,0,66000.0,76397.58774994074,13101.142458966933,143859.34075003024,477.0
1737928858,10,,Aggregated,0.000000,0.000000,83000,111000,126000,140000,143000,144000,144000,144000,144000,144000,144000,14,0,66000.0,76397.58774994074,13101.142458966933,143859.34075003024,477.0
1737928859,10,,Aggregated,0.000000,0.000000,83000,111000,126000,140000,143000,144000,144000,144000,144000,144000,144000,14,0,66000.0,76397.58774994074,13101.142458966933,143859.34075003024,477.0
1737928860,10,,Aggregated,0.000000,0.000000,83000,111000,126000,140000,143000,144000,144000,144000,144000,144000,144000,14,0,66000.0,76397.58774994074,13101.142458966933,143859.34075003024,477.0
